POPNAMES_PT;GENPOPN_PT;POPNAMES_EN;GENPOPN_EN;RISK;COD_MAM;ORDER;COD01;SUBORDER;COD02;INFRAORDER;COD03;SUPERFAMILY;COD04;FAMILY;COD05;SUBFAMILY;COD06;TRIBE;COD07;GENRE;COD08;SUBGENRE;COD09;SPECIES;COD10;POPNAME_PT01;POPNAME_PT02;POPNAME_PT03;POPNAME_PT04;POPNAME_EN01;POPNAME_EN02;POPNAME_EN03;POPNAMEENG04;LINKWIKIENG;STDLINK;SEQ_ID;COUNT
Équidna-ouriço,Équidna-de-bico-curto,;Équidna;Short-beaked Echidna,Spiny Anteater,,;Echidna;1;;Monotremata;10;;0;;0;;0;Tachyglossidae;10;;0;;0;Tachyglossus;100;;0;aculeatus;100;Équidna-ouriço;Équidna-de-bico-curto;;;Short-beaked Echidna;Spiny Anteater;;;http://en.wikipedia.org/wiki/Short-beaked_Echidna;0;1;1
Équidna-de-attenborough,Zaglosso-de-attenborough,;Équidna;Sir David's Long-beaked Echidna,Attenborough's Long-beaked Echidna,Cyclops Long-beaked Echidna,;Echidna;1;;Monotremata;10;;0;;0;;0;Tachyglossidae;10;;0;;0;Zaglossus;101;;0;attenboroughi;100;Équidna-de-attenborough;Zaglosso-de-attenborough;;;Sir David's Long-beaked Echidna;Attenborough's Long-beaked Echidna;Cyclops Long-beaked Echidna;;http://en.wikipedia.org/wiki/Sir_David%27s_Long-beaked_Echidna;0;2;1
Équidna-de-barton,Zaglosso-de-barton,;Équidna;Eastern Long-beaked Echidna,Barton's Long-beaked Echidna,,;Echidna;1;;Monotremata;10;;0;;0;;0;Tachyglossidae;10;;0;;0;Zaglossus;101;;0;bartoni;101;Équidna-de-barton;Zaglosso-de-barton;;;Eastern Long-beaked Echidna;Barton's Long-beaked Echidna;;;http://en.wikipedia.org/wiki/Eastern_Long-beaked_Echidna;0;3;1
Zaglosso,Équidna-de-bico-longo,;;Western Long-beaked Echidna,,,;;1;;Monotremata;10;;0;;0;;0;Tachyglossidae;10;;0;;0;Zaglossus;101;;0;bruijni;102;Zaglosso;Équidna-de-bico-longo;;;Western Long-beaked Echidna;;;;http://en.wikipedia.org/wiki/Western_Long-beaked_Echidna;0;4;1
Ornitorrinco,,;;Platypus,,,;;1;;Monotremata;10;;0;;0;;0;Ornithorhynchidae;11;;0;;0;Ornithorhynchus;100;;0;anatinus;100;Ornitorrinco;;;;Platypus;;;;http://en.wikipedia.org/wiki/Platypus;0;5;1
[Cuíca],,;;Bare-tailed Woolly Opossum,White-eared Opossum,,;;1;;Didelphimorphia;11;;0;;0;;0;Didelphidae;10;Caluromyinae;1;;0;Caluromys;100;Caluromys;1;philander;100;[Cuíca];;;;Bare-tailed Woolly Opossum;White-eared Opossum;;;http://en.wikipedia.org/wiki/Bare-tailed_Woolly_Opossum;0;6;1
[Cuíca],,;;Central American Woolly Opossum,,,;;1;;Didelphimorphia;11;;0;;0;;0;Didelphidae;10;Caluromyinae;1;;0;Caluromys;100;Mallodelphys;2;derbianus;100;[Cuíca];;;;Central American Woolly Opossum;;;;http://en.wikipedia.org/wiki/Derby%27s_Woolly_Opossum;0;7;1
Cuíca-lanosa,,;;Brown-eared Woolly Opossum,Ecuadoran Woolly Opossum,Western Woolly Opossum,;;1;;Didelphimorphia;11;;0;;0;;0;Didelphidae;10;Caluromyinae;1;;0;Caluromys;100;Mallodelphys;2;lanatus;101;Cuíca-lanosa;;;;Brown-eared Woolly Opossum;Ecuadoran Woolly Opossum;Western Woolly Opossum;;http://en.wikipedia.org/wiki/Brown-eared_Woolly_Opossum;0;8;1
Cuíca-de-colete ,,;;Black-shouldered Opossum,White-eared Opossum,,;;1;;Didelphimorphia;11;;0;;0;;0;Didelphidae;10;Caluromyinae;1;;0;Caluromysiops;101;;0;irrupta;100;Cuíca-de-colete ;;;;Black-shouldered Opossum;White-eared Opossum;;;http://en.wikipedia.org/wiki/Black-shouldered_Opossum;0;9;1
[Cuíca],,;;Bushy-tailed Opossum,,,;;1;;Didelphimorphia;11;;0;;0;;0;Didelphidae;10;Caluromyinae;1;;0;Glironia;102;;0;venusta;100;[Cuíca];;;;Bushy-tailed Opossum;;;;http://en.wikipedia.org/wiki/Bushy-tailed_Opossum;0;10;1
Cuíca-d'água,,;;Water Opossum,Yapok,,;;1;;Didelphimorphia;11;;0;;0;;0;Didelphidae;10;Didelphinae;2;;0;Chironectes;100;;0;minimus;100;Cuíca-d'água;;;;Water Opossum;Yapok;;;http://en.wikipedia.org/wiki/Water_Opossum;0;11;1
Gambá-de-orelha-preta,,;;Big-eared Opossum,,,;;1;;Didelphimorphia;11;;0;;0;;0;Didelphidae;10;Didelphinae;2;;0;Didelphis;101;;0;aurita;100;Gambá-de-orelha-preta;;;;Big-eared Opossum;;;;http://en.wikipedia.org/wiki/Big-eared_Opossum;0;12;1
[Gambá],,;;Guianan White-eared Opossum,,,;;1;;Didelphimorphia;11;;0;;0;;0;Didelphidae;10;Didelphinae;2;;0;Didelphis;101;;0;imperfecta;101;[Gambá];;;;Guianan White-eared Opossum;;;;http://en.wikipedia.org/wiki/Guianan_White-eared_Opossum;0;13;1
Gambá-comum,,;;Common Opossum,Manicou,,;;1;;Didelphimorphia;11;;0;;0;;0;Didelphidae;10;Didelphinae;2;;0;Didelphis;101;;0;marsupialis;102;Gambá-comum;;;;Common Opossum;Manicou;;;http://en.wikipedia.org/wiki/Common_Opossum;0;14;1
[Gambá],,;;Andean White-eared Opossum,,,;;1;;Didelphimorphia;11;;0;;0;;0;Didelphidae;10;Didelphinae;2;;0;Didelphis;101;;0;pernigra;103;[Gambá];;;;Andean White-eared Opossum;;;;http://en.wikipedia.org/wiki/Andean_White-eared_Opossum;0;15;1
Gambá-da-Virgínia,,;;Virginia Opossum,,,;;1;;Didelphimorphia;11;;0;;0;;0;Didelphidae;10;Didelphinae;2;;0;Didelphis;101;;0;virginiana;104;Gambá-da-Virgínia;;;;Virginia Opossum;;;;http://en.wikipedia.org/wiki/Virginia_Opossum;0;16;1
Gambá-de-orelha-branca,Timbu,;;White-eared Opossum,,,;;1;;Didelphimorphia;11;;0;;0;;0;Didelphidae;10;Didelphinae;2;;0;Didelphis;101;;0;albiventris;105;Gambá-de-orelha-branca;Timbu;;;White-eared Opossum;;;;http://en.wikipedia.org/wiki/White-eared_Opossum;0;17;1
[Catita],[Guaiquica],[Cuíca];;Pygmy Opossum,,,;;1;;Didelphimorphia;11;;0;;0;;0;Didelphidae;10;Didelphinae;2;;0;Gracilinanus;102;;0;formosus;100;[Catita];[Guaiquica];[Cuíca];;Pygmy Opossum;;;;http://en.wikipedia.org/wiki/Wikipedia:Missing_mammal_species;0;18;1
[Catita],[Guaiquica],[Cuíca];;Emilia's Gracile Opossum,,,;;1;;Didelphimorphia;11;;0;;0;;0;Didelphidae;10;Didelphinae;2;;0;Gracilinanus;102;;0;emiliae;101;[Catita];[Guaiquica];[Cuíca];;Emilia's Gracile Opossum;;;;http://en.wikipedia.org/wiki/Emilia%27s_Gracile_Opossum;0;19;1
[Catita],[Guaiquica],[Cuíca];;Brazilian Gracile Opossum,,,;;1;;Didelphimorphia;11;;0;;0;;0;Didelphidae;10;Didelphinae;2;;0;Gracilinanus;102;;0;microtarsus;102;[Catita];[Guaiquica];[Cuíca];;Brazilian Gracile Opossum;;;;http://en.wikipedia.org/wiki/Brazilian_Gracile_Opossum;0;20;1
[Catita],[Guaiquica],[Cuíca];;Northern Gracile Opossum,,,;;1;;Didelphimorphia;11;;0;;0;;0;Didelphidae;10;Didelphinae;2;;0;Gracilinanus;102;;0;marica;103;[Catita];[Guaiquica];[Cuíca];;Northern Gracile Opossum;;;;http://en.wikipedia.org/wiki/Northern_Gracile_Opossum;0;21;1
[Catita],[Guaiquica],[Cuíca];;Wood Sprite Gracile Opossum,,,;;1;;Didelphimorphia;11;;0;;0;;0;Didelphidae;10;Didelphinae;2;;0;Gracilinanus;102;;0;dryas;104;[Catita];[Guaiquica];[Cuíca];;Wood Sprite Gracile Opossum;;;;http://en.wikipedia.org/wiki/Wood_Sprite_Gracile_Opossum;0;22;1
[Catita],[Guaiquica],[Cuíca];;Aceramarca Gracile Mouse Opossum,Bolivian Gracile Opossum,,;;1;;Didelphimorphia;11;;0;;0;;0;Didelphidae;10;Didelphinae;2;;0;Gracilinanus;102;;0;aceramarcae;105;[Catita];[Guaiquica];[Cuíca];;Aceramarca Gracile Mouse Opossum;Bolivian Gracile Opossum;;;http://en.wikipedia.org/wiki/Aceramarca_Gracile_Opossum;0;23;1
[Catita],[Guaiquica],[Cuíca];;Agricola's Gracile Opossum,,,;;1;;Didelphimorphia;11;;0;;0;;0;Didelphidae;10;Didelphinae;2;;0;Gracilinanus;102;;0;agricolai;106;[Catita];[Guaiquica];[Cuíca];;Agricola's Gracile Opossum;;;;http://www.biolib.cz/en/taxon/id299876/;0;24;1
[Catita],[Guaiquica],[Cuíca];;Agile Gracile Opossum,,,;;1;;Didelphimorphia;11;;0;;0;;0;Didelphidae;10;Didelphinae;2;;0;Gracilinanus;102;;0;agilis;107;[Catita];[Guaiquica];[Cuíca];;Agile Gracile Opossum;;;;http://en.wikipedia.org/wiki/Agile_Gracile_Opossum;0;25;1
[Catita],[Guaiquica],[Cuíca];;Red-Bellied Gracile Opossum,,,;;1;;Didelphimorphia;11;;0;;0;;0;Didelphidae;10;Didelphinae;2;;0;Gracilinanus;102;;0;ignitus;108;[Catita];[Guaiquica];[Cuíca];;Red-Bellied Gracile Opossum;;;;http://zipcodezoo.com/Animals/G/Gracilinanus_ignitus/default.asp;0;26;1
[Cuíca],,;;Kalinowski's Mouse Opossum,Peru Gracile Mouse Opossum,,;;1;;Didelphimorphia;11;;0;;0;;0;Didelphidae;10;Didelphinae;2;;0;Hyladelphys;103;;0;kalinowskii;100;[Cuíca];;;;Kalinowski's Mouse Opossum;Peru Gracile Mouse Opossum;;;http://en.wikipedia.org/wiki/Kalinowski's_Mouse_Opossum;0;27;1
[Gambá],,;;Patagonian Opossum,,,;;1;;Didelphimorphia;11;;0;;0;;0;Didelphidae;10;Didelphinae;2;;0;Lestodelphys;104;;0;halli;100;[Gambá];;;;Patagonian Opossum;;;;http://en.wikipedia.org/wiki/Patagonian_Opossum;0;28;1
Cuíca-de-cauda-grossa,Cuíca-d'água-pequena,;;Lutrine Opossum,Little Water Opossum,Thick-tailed Opossum,;;1;;Didelphimorphia;11;;0;;0;;0;Didelphidae;10;Didelphinae;2;;0;Lutreolina;105;;0;crassicaudata;100;Cuíca-de-cauda-grossa;Cuíca-d'água-pequena;;;Lutrine Opossum;Little Water Opossum;Thick-tailed Opossum;;http://en.wikipedia.org/wiki/Lutrine_Opossum;0;29;1
[Cuíca],,;;Linnaeus's Mouse Opossum,Common Mouse Opossum,Murine Mouse Opossum,;;1;;Didelphimorphia;11;;0;;0;;0;Didelphidae;10;Didelphinae;2;;0;Marmosa;106;;0;murina;100;[Cuíca];;;;Linnaeus's Mouse Opossum;Common Mouse Opossum;Murine Mouse Opossum;;http://en.wikipedia.org/wiki/Linnaeus's_Mouse_Opossum;0;30;1
[Cuíca],,;;Guajira Mouse Opossum,,,;;1;;Didelphimorphia;11;;0;;0;;0;Didelphidae;10;Didelphinae;2;;0;Marmosa;106;;0;xerophila;101;[Cuíca];;;;Guajira Mouse Opossum;;;;http://en.wikipedia.org/wiki/Guajira_Mouse_Opossum;0;31;1
[Cuíca],,;;Tyleria Mouse Opossum,,,;;1;;Didelphimorphia;11;;0;;0;;0;Didelphidae;10;Didelphinae;2;;0;Marmosa;106;;0;tyleriana;102;[Cuíca];;;;Tyleria Mouse Opossum;;;;http://en.wikipedia.org/wiki/Tyleria_Mouse_Opossum;0;32;1
[Cuíca],[Guaiquica],;;Red Mouse Opossum,,,;;1;;Didelphimorphia;11;;0;;0;;0;Didelphidae;10;Didelphinae;2;;0;Marmosa;106;;0;rubra;103;[Cuíca];[Guaiquica];;;Red Mouse Opossum;;;;http://en.wikipedia.org/wiki/Red_Mouse_Opossum;0;33;1
[Cuíca],,;;Quechuan Mouse Opossum,,,;;1;;Didelphimorphia;11;;0;;0;;0;Didelphidae;10;Didelphinae;2;;0;Marmosa;106;;0;quichua;104;[Cuíca];;;;Quechuan Mouse Opossum;;;;http://en.wikipedia.org/wiki/Quechuan_Mouse_Opossum;0;34;1
[Cuíca],,;;Mexican Mouse Opossum,,,;;1;;Didelphimorphia;11;;0;;0;;0;Didelphidae;10;Didelphinae;2;;0;Marmosa;106;;0;mexicana;105;[Cuíca];;;;Mexican Mouse Opossum;;;;http://en.wikipedia.org/wiki/Mexican_Mouse_Opossum;0;35;1
[Cuíca],,;;Rufous Mouse Opossum,,,;;1;;Didelphimorphia;11;;0;;0;;0;Didelphidae;10;Didelphinae;2;;0;Marmosa;106;;0;lepida;106;[Cuíca];;;;Rufous Mouse Opossum;;;;http://en.wikipedia.org/wiki/Rufous_Mouse_Opossum;0;36;1
[Cuíca],,;;Anderson's Mouse Opossum,,,;;1;;Didelphimorphia;11;;0;;0;;0;Didelphidae;10;Didelphinae;2;;0;Marmosa;106;;0;andersoni;107;[Cuíca];;;;Anderson's Mouse Opossum;;;;http://en.wikipedia.org/wiki/Anderson's_Mouse_Opossum;0;37;1
[Cuíca],Gambasinha,;;Robinson's Mouse Opossum,,,;;1;;Didelphimorphia;11;;0;;0;;0;Didelphidae;10;Didelphinae;2;;0;Marmosa;106;;0;robinsoni;108;[Cuíca];Gambasinha;;;Robinson's Mouse Opossum;;;;http://en.wikipedia.org/wiki/Robinson's_Mouse_Opossum;0;38;1
[Cuíca],,;;Handley's Slender Opossum,,,;;1;;Didelphimorphia;11;;0;;0;;0;Didelphidae;10;Didelphinae;2;;0;Marmosops;107;;0;handleyi;100;[Cuíca];;;;Handley's Slender Opossum;;;;http://en.wikipedia.org/wiki/Handley%27s_Slender_Opossum;0;39;1
[Cuíca],,;;Junin Slender Opossum,,,;;1;;Didelphimorphia;11;;0;;0;;0;Didelphidae;10;Didelphinae;2;;0;Marmosops;107;;0;juninensis;101;[Cuíca];;;;Junin Slender Opossum;;;;http://en.wikipedia.org/wiki/Junin_Slender_Opossum;0;40;1
[Cuíca],,;;Pinheiro's Slender Opossum,,,;;1;;Didelphimorphia;11;;0;;0;;0;Didelphidae;10;Didelphinae;2;;0;Marmosops;107;;0;pinheiroi;102;[Cuíca];;;;Pinheiro's Slender Opossum;;;;http://en.wikipedia.org/wiki/Pinheiro%27s_Slender_Opossum;0;41;1
[Cuíca],,;;Brazilian Slender Opossum,,,;;1;;Didelphimorphia;11;;0;;0;;0;Didelphidae;10;Didelphinae;2;;0;Marmosops;107;;0;paulensis;103;[Cuíca];;;;Brazilian Slender Opossum;;;;http://en.wikipedia.org/wiki/Brazilian_Slender_Opossum;0;42;1
[Cuíca],,;;Delicate Slender Opossum,,,;;1;;Didelphimorphia;11;;0;;0;;0;Didelphidae;10;Didelphinae;2;;0;Marmosops;107;;0;parvidens;104;[Cuíca];;;;Delicate Slender Opossum;;;;http://en.wikipedia.org/wiki/Delicate_Slender_Opossum;0;43;1
[Cuíca],,;;White-bellied Slender Opossum,,,;;1;;Didelphimorphia;11;;0;;0;;0;Didelphidae;10;Didelphinae;2;;0;Marmosops;107;;0;noctivagus;105;[Cuíca];;;;White-bellied Slender Opossum;;;;http://en.wikipedia.org/wiki/White-bellied_Slender_Opossum;0;44;1
[Cuíca],,;;Neblina Slender Opossum,,,;;1;;Didelphimorphia;11;;0;;0;;0;Didelphidae;10;Didelphinae;2;;0;Marmosops;107;;0;neblina;106;[Cuíca];;;;Neblina Slender Opossum;;;;http://en.wikipedia.org/wiki/Neblina_Slender_Opossum;0;45;1
[Cuíca],,;;Bishop's Slender Opossum,,,;;1;;Didelphimorphia;11;;0;;0;;0;Didelphidae;10;Didelphinae;2;;0;Marmosops;107;;0;bishopi;107;[Cuíca];;;;Bishop's Slender Opossum;;;;http://en.wikipedia.org/wiki/Bishop%27s_Slender_Opossum;0;46;1
[Cuíca],,;;Tschudi's Slender Opossum,,,;;1;;Didelphimorphia;11;;0;;0;;0;Didelphidae;10;Didelphinae;2;;0;Marmosops;107;;0;impavidus;108;[Cuíca];;;;Tschudi's Slender Opossum;;;;http://en.wikipedia.org/wiki/Tschudi%27s_Slender_Opossum;0;47;1
[Cuíca],,;;Gray Slender Opossum,,,;;1;;Didelphimorphia;11;;0;;0;;0;Didelphidae;10;Didelphinae;2;;0;Marmosops;107;;0;incanus;109;[Cuíca];;;;Gray Slender Opossum;;;;http://en.wikipedia.org/wiki/Gray_Slender_Opossum;0;48;1
[Cuíca],,;;Dusky Slender Opossum,,,;;1;;Didelphimorphia;11;;0;;0;;0;Didelphidae;10;Didelphinae;2;;0;Marmosops;107;;0;fuscatus;110;[Cuíca];;;;Dusky Slender Opossum;;;;http://en.wikipedia.org/wiki/Dusky_Slender_Opossum;0;49;1
[Cuíca],,;;Dorothys' Slender Opossum,,,;;1;;Didelphimorphia;11;;0;;0;;0;Didelphidae;10;Didelphinae;2;;0;Marmosops;107;;0;dorothea;111;[Cuíca];;;;Dorothys' Slender Opossum;;;;http://en.wikipedia.org/wiki/Dorothys%27_Slender_Opossum;0;50;1
[Cuíca],,;;Narrow-headed Slender Opossum,,,;;1;;Didelphimorphia;11;;0;;0;;0;Didelphidae;10;Didelphinae;2;;0;Marmosops;107;;0;cracens;112;[Cuíca];;;;Narrow-headed Slender Opossum;;;;http://en.wikipedia.org/wiki/Narrow-headed_Slender_Opossum;0;51;1
[Cuíca],,;;Panama Slender Opossum,,,;;1;;Didelphimorphia;11;;0;;0;;0;Didelphidae;10;Didelphinae;2;;0;Marmosops;107;;0;invictus;113;[Cuíca];;;;Panama Slender Opossum;;;;http://en.wikipedia.org/wiki/Panama_Slender_Opossum;0;52;1
Cuíca-cauda-de-rato,Cuíca-marrom,Jupati;;Brown Four-eyed Opossum,,,;;1;;Didelphimorphia;11;;0;;0;;0;Didelphidae;10;Didelphinae;2;;0;Metachirus;108;;0;nudicaudatus;100;Cuíca-cauda-de-rato;Cuíca-marrom;Jupati;;Brown Four-eyed Opossum;;;;http://en.wikipedia.org/wiki/Brown_Four-eyed_Opossum;0;53;1
[Catita],,;;Long-furred Woolly Mouse Opossum,CuÃ­ca,,;;1;;Didelphimorphia;11;;0;;0;;0;Didelphidae;10;Didelphinae;2;;0;Micoureus;109;;0;demerarae;100;[Catita];;;;Long-furred Woolly Mouse Opossum;CuÃ­ca;;;http://en.wikipedia.org/wiki/Woolly_Mouse_Opossum;0;54;1
[Catita],,;;Bare-tailed Woolly Mouse Opossum,Short-furred Woolly Mouse Opossum,,;;1;;Didelphimorphia;11;;0;;0;;0;Didelphidae;10;Didelphinae;2;;0;Micoureus;109;;0;regina;101;[Catita];;;;Bare-tailed Woolly Mouse Opossum;Short-furred Woolly Mouse Opossum;;;http://en.wikipedia.org/wiki/Bare-tailed_Woolly_Mouse_Opossum;0;55;1
[Catita],,;;Tate's Woolly Mouse Opossum,,,;;1;;Didelphimorphia;11;;0;;0;;0;Didelphidae;10;Didelphinae;2;;0;Micoureus;109;;0;paraguayanus;102;[Catita];;;;Tate's Woolly Mouse Opossum;;;;http://en.wikipedia.org/wiki/Tate%27s_Woolly_Mouse_Opossum;0;56;1
Catita pálida,,;;White-bellied Woolly Mouse Opossum,,,;;1;;Didelphimorphia;11;;0;;0;;0;Didelphidae;10;Didelphinae;2;;0;Micoureus;109;;0;constantiae;103;Catita pálida;;;;White-bellied Woolly Mouse Opossum;;;;http://en.wikipedia.org/wiki/White-bellied_Woolly_Mouse_Opossum;0;57;1
[Catita],,;;Alston's Mouse Opossum,Alston's Opossum,,;;1;;Didelphimorphia;11;;0;;0;;0;Didelphidae;10;Didelphinae;2;;0;Micoureus;109;;0;alstoni;104;[Catita];;;;Alston's Mouse Opossum;Alston's Opossum;;;http://en.wikipedia.org/wiki/Alston%27s_Mouse_Opossum;0;58;1
[Catita],,;;Little Woolly Mouse Opossum,,,;;1;;Didelphimorphia;11;;0;;0;;0;Didelphidae;10;Didelphinae;2;;0;Micoureus;109;;0;phaeus;105;[Catita];;;;Little Woolly Mouse Opossum;;;;http://en.wikipedia.org/wiki/Little_Woolly_Mouse_Opossum;0;59;1
[Cuíca],[Catita],;;Emilia's Short-tailed Opossum,,,;;1;;Didelphimorphia;11;;0;;0;;0;Didelphidae;10;Didelphinae;2;;0;Monodelphis;110;;0;emiliae;100;[Cuíca];[Catita];;;Emilia's Short-tailed Opossum;;;;http://en.wikipedia.org/wiki/Emilia%27s_Short-tailed_Opossum;0;60;1
[Cuíca],[Catita],;;Osgood's Short-tailed Opossum,,,;;1;;Didelphimorphia;11;;0;;0;;0;Didelphidae;10;Didelphinae;2;;0;Monodelphis;110;;0;osgoodi;101;[Cuíca];[Catita];;;Osgood's Short-tailed Opossum;;;;http://en.wikipedia.org/wiki/Osgood%27s_Short-tailed_Opossum;0;61;1
[Cuíca],[Catita],;;Red Three-striped Opossum,,,;;1;;Didelphimorphia;11;;0;;0;;0;Didelphidae;10;Didelphinae;2;;0;Monodelphis;110;;0;umbristriata;102;[Cuíca];[Catita];;;Red Three-striped Opossum;;;;http://en.wikipedia.org/wiki/Red_Three-striped_Opossum;0;62;1
[Cuíca],[Catita],;;Southern Three-striped Opossum,,,;;1;;Didelphimorphia;11;;0;;0;;0;Didelphidae;10;Didelphinae;2;;0;Monodelphis;110;;0;theresa;103;[Cuíca];[Catita];;;Southern Three-striped Opossum;;;;http://en.wikipedia.org/wiki/Southern_Three-striped_Opossum;0;63;1
[Cuíca],[Catita],Guigó;;Southern Red-sided Opossum,,,;;1;;Didelphimorphia;11;;0;;0;;0;Didelphidae;10;Didelphinae;2;;0;Monodelphis;110;;0;sorex;104;[Cuíca];[Catita];Guigó;;Southern Red-sided Opossum;;;;http://en.wikipedia.org/wiki/Southern_Red-sided_Opossum;0;64;1
[Cuíca],[Catita],Sauá;;Long-nosed Short-tailed Opossum,,,;;1;;Didelphimorphia;11;;0;;0;;0;Didelphidae;10;Didelphinae;2;;0;Monodelphis;110;;0;scalops;105;[Cuíca];[Catita];Sauá;;Long-nosed Short-tailed Opossum;;;;http://en.wikipedia.org/wiki/Long-nosed_Short-tailed_Opossum;0;65;1
[Cuíca],[Catita],;;Chestnut-striped Opossum,,,;;1;;Didelphimorphia;11;;0;;0;;0;Didelphidae;10;Didelphinae;2;;0;Monodelphis;110;;0;rubida;106;[Cuíca];[Catita];;;Chestnut-striped Opossum;;;;http://en.wikipedia.org/wiki/Chestnut-striped_Opossum;0;66;1
[Cuíca],[Catita],;;Hooded Red-sided Opossum,,,;;1;;Didelphimorphia;11;;0;;0;;0;Didelphidae;10;Didelphinae;2;;0;Monodelphis;110;;0;palliolata;107;[Cuíca];[Catita];;;Hooded Red-sided Opossum;;;;http://en.wikipedia.org/wiki/Hooded_Red-sided_Opossum;0;67;1
[Cuíca],[Catita],;;One-striped Opossum,,,;;1;;Didelphimorphia;11;;0;;0;;0;Didelphidae;10;Didelphinae;2;;0;Monodelphis;110;;0;unistriata;108;[Cuíca];[Catita];;;One-striped Opossum;;;;http://en.wikipedia.org/wiki/One-striped_Opossum;0;68;1
[Cuíca],[Catita],Cuíca-de-quatro-olhos;;Pygmy Short-tailed Opossum,,,;;1;;Didelphimorphia;11;;0;;0;;0;Didelphidae;10;Didelphinae;2;;0;Monodelphis;110;;0;kunsi;109;[Cuíca];[Catita];Cuíca-de-quatro-olhos;;Pygmy Short-tailed Opossum;;;;http://en.wikipedia.org/wiki/Pygmy_Short-tailed_Opossum;0;69;1
[Cuíca],[Catita],;;Amazonian Red-sided Opossum,,,;;1;;Didelphimorphia;11;;0;;0;;0;Didelphidae;10;Didelphinae;2;;0;Monodelphis;110;;0;glirina;110;[Cuíca];[Catita];;;Amazonian Red-sided Opossum;;;;http://en.wikipedia.org/wiki/Amazonian_Red-sided_Opossum;0;70;1
[Cuíca],[Catita],[Gambá];;Gray Short-tailed Opossum,Brazilian Opossum,Rainforest Opossum,Laboratory Opossum;;1;;Didelphimorphia;11;;0;;0;;0;Didelphidae;10;Didelphinae;2;;0;Monodelphis;110;;0;domestica;111;[Cuíca];[Catita];[Gambá];;Gray Short-tailed Opossum;Brazilian Opossum;Rainforest Opossum;Laboratory Opossum;http://en.wikipedia.org/wiki/Gray_Short-tailed_Opossum;0;71;1
[Cuíca],[Catita],;;Yellow-sided Opossum,,,;;1;;Didelphimorphia;11;;0;;0;;0;Didelphidae;10;Didelphinae;2;;0;Monodelphis;110;;0;dimidiata;112;[Cuíca];[Catita];;;Yellow-sided Opossum;;;;http://en.wikipedia.org/wiki/Yellow-sided_Opossum;0;72;1
[Cuíca],[Catita],;;Northern Red-sided Opossum,,,;;1;;Didelphimorphia;11;;0;;0;;0;Didelphidae;10;Didelphinae;2;;0;Monodelphis;110;;0;brevicaudata;113;[Cuíca];[Catita];;;Northern Red-sided Opossum;;;;http://en.wikipedia.org/wiki/Northern_Red-sided_Opossum;0;73;1
Musaranha,[Cuíca],[Catita];;Northern Three-striped Opossum,,,;;1;;Didelphimorphia;11;;0;;0;;0;Didelphidae;10;Didelphinae;2;;0;Monodelphis;110;;0;americana;114;Musaranha;[Cuíca];[Catita];;Northern Three-striped Opossum;;;;http://en.wikipedia.org/wiki/Northern_Three-striped_Opossum;0;74;1
[Cuíca],[Catita],;;Sepia Short-tailed Opossum,,,;;1;;Didelphimorphia;11;;0;;0;;0;Didelphidae;10;Didelphinae;2;;0;Monodelphis;110;;0;adusta;115;[Cuíca];[Catita];;;Sepia Short-tailed Opossum;;;;http://en.wikipedia.org/wiki/Sepia_Short-tailed_Opossum;0;75;1
[Cuíca],[Catita],;;MarajÃ³ Short-tailed Opossum,,,;;1;;Didelphimorphia;11;;0;;0;;0;Didelphidae;10;Didelphinae;2;;0;Monodelphis;110;;0;maraxina;116;[Cuíca];[Catita];;;MarajÃ³ Short-tailed Opossum;;;;http://en.wikipedia.org/wiki/Maraj%C3%B3_Short-tailed_Opossum;0;76;1
[Cuíca],[Catita],Cuíca-de-três-listras;;Ihering's Three-striped Opossum,,,;;1;;Didelphimorphia;11;;0;;0;;0;Didelphidae;10;Didelphinae;2;;0;Monodelphis;110;;0;iheringi;117;[Cuíca];[Catita];Cuíca-de-três-listras;;Ihering's Three-striped Opossum;;;;http://en.wikipedia.org/wiki/Ihering%27s_Three-striped_Opossum;0;77;1
Cuíca-negra-de-quatro-olhos,,;;Anderson's Four-eyed Opossum,,,;;1;;Didelphimorphia;11;;0;;0;;0;Didelphidae;10;Didelphinae;2;;0;Philander;111;;0;andersoni;100;Cuíca-negra-de-quatro-olhos;;;;Anderson's Four-eyed Opossum;;;;http://en.wikipedia.org/wiki/Anderson's_Four-eyed_Opossum;0;78;1
Cuíca-verdadeira,Cuíca-de-quatro-olhos,;;Gray Four-eyed Opossum,,,;;1;;Didelphimorphia;11;;0;;0;;0;Didelphidae;10;Didelphinae;2;;0;Philander;111;;0;opossum;101;Cuíca-verdadeira;Cuíca-de-quatro-olhos;;;Gray Four-eyed Opossum;;;;http://en.wikipedia.org/wiki/Gray_Four-eyed_Opossum;0;79;1
[Cuíca],,;;McIlhenny's Four-eyed Opossum,,,;;1;;Didelphimorphia;11;;0;;0;;0;Didelphidae;10;Didelphinae;2;;0;Philander;111;;0;mcilhennyi;102;[Cuíca];;;;McIlhenny's Four-eyed Opossum;;;;http://en.wikipedia.org/wiki/McIlhenny's_Four-eyed_Opossum;0;80;1
[Cuíca],,;;Southeastern Four-eyed Opossum,,,;;1;;Didelphimorphia;11;;0;;0;;0;Didelphidae;10;Didelphinae;2;;0;Philander;111;;0;frenatus;103;[Cuíca];;;;Southeastern Four-eyed Opossum;;;;http://en.wikipedia.org/wiki/Southeastern_Four-eyed_Opossum;0;81;1
[Cuíca],,;;Common Fat-tailed Mouse Opossum,,,;;1;;Didelphimorphia;11;;0;;0;;0;Didelphidae;10;Didelphinae;2;;0;Thylamys;112;;0;pusillus;100;[Cuíca];;;;Common Fat-tailed Mouse Opossum;;;;http://en.wikipedia.org/wiki/Common_Fat-tailed_Mouse_Opossum;0;82;1
[Cuíca],,;;Buff-bellied Fat-tailed Mouse Opossum,,,;;1;;Didelphimorphia;11;;0;;0;;0;Didelphidae;10;Didelphinae;2;;0;Thylamys;112;;0;venustus;101;[Cuíca];;;;Buff-bellied Fat-tailed Mouse Opossum;;;;http://en.wikipedia.org/wiki/Buff-bellied_Fat-tailed_Mouse_Opossum;0;83;1
[Cuíca],,;;Tate's Fat-tailed Mouse Opossum,,,;;1;;Didelphimorphia;11;;0;;0;;0;Didelphidae;10;Didelphinae;2;;0;Thylamys;112;;0;tatei;102;[Cuíca];;;;Tate's Fat-tailed Mouse Opossum;;;;http://en.wikipedia.org/wiki/Tate%27s_Fat-tailed_Mouse_Opossum;0;84;1
[Cuíca],,;;Argentine Fat-tailed Mouse Opossum,,,;;1;;Didelphimorphia;11;;0;;0;;0;Didelphidae;10;Didelphinae;2;;0;Thylamys;112;;0;sponsorius;103;[Cuíca];;;;Argentine Fat-tailed Mouse Opossum;;;;http://en.wikipedia.org/wiki/Argentine_Fat-tailed_Mouse_Opossum;0;85;1
[Cuíca],,;;Dwarf Fat-tailed Mouse Opossum,Velvety Fat-tailed Opossum,,;;1;;Didelphimorphia;11;;0;;0;;0;Didelphidae;10;Didelphinae;2;;0;Thylamys;112;;0;velutinus;104;[Cuíca];;;;Dwarf Fat-tailed Mouse Opossum;Velvety Fat-tailed Opossum;;;http://en.wikipedia.org/wiki/Dwarf_Fat-tailed_Mouse_Opossum;0;86;1
Mucura,[Cuíca],;;Paraguayan Fat-tailed Mouse Opossum,,,;;1;;Didelphimorphia;11;;0;;0;;0;Didelphidae;10;Didelphinae;2;;0;Thylamys;112;;0;macrurus;105;Mucura;[Cuíca];;;Paraguayan Fat-tailed Mouse Opossum;;;;http://en.wikipedia.org/wiki/Paraguayan_Fat-tailed_Mouse_Opossum;0;87;1
[Cuíca],,;;Karimi's Fat-tailed Mouse Opossum,,,;;1;;Didelphimorphia;11;;0;;0;;0;Didelphidae;10;Didelphinae;2;;0;Thylamys;112;;0;karimii;106;[Cuíca];;;;Karimi's Fat-tailed Mouse Opossum;;;;http://en.wikipedia.org/wiki/Karimi%27s_Fat-tailed_Mouse_Opossum;0;88;1
[Cuíca],,;;Cinderella Fat-tailed Mouse Opossum,,,;;1;;Didelphimorphia;11;;0;;0;;0;Didelphidae;10;Didelphinae;2;;0;Thylamys;112;;0;cinderella;107;[Cuíca];;;;Cinderella Fat-tailed Mouse Opossum;;;;http://en.wikipedia.org/wiki/Cinderella_Fat-tailed_Mouse_Opossum;0;89;1
[Cuíca],,;;Elegant Fat-tailed Mouse Opossum,,,;;1;;Didelphimorphia;11;;0;;0;;0;Didelphidae;10;Didelphinae;2;;0;Thylamys;112;;0;elegans;108;[Cuíca];;;;Elegant Fat-tailed Mouse Opossum;;;;http://en.wikipedia.org/wiki/Elegant_Fat-tailed_Mouse_Opossum;0;90;1
[Cuíca],,;;White-bellied Fat-tailed Mouse Opossum,,,;;1;;Didelphimorphia;11;;0;;0;;0;Didelphidae;10;Didelphinae;2;;0;Thylamys;112;;0;pallidior;109;[Cuíca];;;;White-bellied Fat-tailed Mouse Opossum;;;;http://en.wikipedia.org/wiki/White-bellied_Fat-tailed_Mouse_Opossum;0;91;1
[Cuíca],[Catita],;;Gray Mouse Opossum,Grayish Mouse Opossum,Murine Opossum,;;1;;Didelphimorphia;11;;0;;0;;0;Didelphidae;10;Didelphinae;2;;0;Tlacuatzin;113;;0;canescens;100;[Cuíca];[Catita];;;Gray Mouse Opossum;Grayish Mouse Opossum;Murine Opossum;;http://zipcodezoo.com/Animals/T/Tlacuatzin_canescens/default.asp;0;92;1
